user_id,collaborative_coefficient,content_coefficient
1,0.27143160280527334,0.7285683971947267
2,0.614937817057024,0.385062182942976
3,0.6176717682077236,0.3823282317922764
4,0.0806302377828819,0.9193697622171181
5,0.18252614405921172,0.8174738559407883
6,0.4403035675771989,0.5596964324228011
7,0.7095716340833093,0.29042836591669074
8,0.4892322730853046,0.5107677269146954
9,0.7059821052409636,0.2940178947590364
10,0.6444072066094133,0.3555927933905867
11,0.8199128831916122,0.18008711680838785
12,0.3218067038097399,0.6781932961902601
13,0.45997206957723685,0.5400279304227631
14,0.5555281782845478,0.4444718217154522
15,0.11815442381393843,0.8818455761860615
16,0.6765890673473298,0.3234109326526702
17,0.4846515122601159,0.5153484877398842
18,0.5381561380707351,0.46184386192926485
19,0.23840585069227826,0.7615941493077217
20,0.40668469695987625,0.5933153030401237
21,0.4738085774226303,0.5261914225773697
22,0.710917884931549,0.28908211506845105
23,0.7087221531885667,0.2912778468114333
24,0.3049933126104464,0.6950066873895536
25,0.24497858937820816,0.7550214106217918
26,0.43887807664788137,0.5611219233521186
27,0.4522425757724608,0.5477574242275391
28,0.34456615624034415,0.6554338437596559
29,0.66357219830195,0.33642780169805
30,0.7216288550120487,0.27837114498795135
31,0.45010169199597216,0.5498983080040278
32,0.29297236921715103,0.7070276307828489
33,0.8372003181900226,0.1627996818099774
34,0.8302667613426146,0.16973323865738543
35,0.2668526214849769,0.7331473785150231
36,0.6739454421005666,0.3260545578994334
37,0.34086262411746,0.6591373758825401
38,0.38735466369761246,0.6126453363023876
39,0.22583533474355938,0.7741646652564407
40,0.22813766789892265,0.7718623321010774
41,0.19769037411206558,0.8023096258879344
42,0.2797407441836483,0.7202592558163516
43,0.7690175857515541,0.2309824142484459
44,0.6994043806962863,0.3005956193037137
45,0.24124853837966867,0.7587514616203314
46,0.5017203021755239,0.4982796978244761
47,0.7333324944215548,0.2666675055784452
48,0.7466314387127936,0.2533685612872064
49,0.6269811505678077,0.3730188494321923
50,0.5101957073414082,0.4898042926585918
51,0.3958951413615241,0.6041048586384759
52,0.5659515643858792,0.43404843561412076
53,0.1658416732983864,0.8341583267016136
54,0.634221683973863,0.365778316026137
55,0.17823976108067477,0.8217602389193253
56,0.4333337396920419,0.5666662603079581
57,0.8279910489156498,0.17200895108435021
58,0.032853883694007185,0.9671461163059928
59,0.25101921122500603,0.748980788774994
60,0.204583416701643,0.795416583298357
61,0.4884242086265517,0.5115757913734482
62,0.36696171212084855,0.6330382878791514
63,0.08175498178773272,0.9182450182122672
64,1.0,0.0
65,0.8038071319690371,0.19619286803096292
66,0.615579907968572,0.384420092031428
67,0.8021176363167871,0.19788236368321288
68,0.23455529293998828,0.7654447070600117
69,0.661249688495915,0.33875031150408497
70,0.8027728982524795,0.19722710174752045
71,0.10654584046871049,0.8934541595312895
72,0.786077355923987,0.21392264407601302
73,0.19203515623831646,0.8079648437616835
74,0.27872544765093443,0.7212745523490656
75,0.41090317899782985,0.5890968210021701
76,0.815077072789808,0.184922927210192
77,0.3833836967113176,0.6166163032886824
78,0.6087314815804156,0.39126851841958443
79,0.8351136051655625,0.16488639483443746
80,0.46066812921153777,0.5393318707884622
81,0.5429917288598908,0.4570082711401092
82,0.9219678577496592,0.07803214225034083
83,0.4712357944424638,0.5287642055575362
84,0.35745214911229245,0.6425478508877076
85,0.5775266566305123,0.4224733433694877
86,0.9477657799913585,0.05223422000864153
87,0.36113080307332507,0.6388691969266749
88,0.46818075530361586,0.5318192446963841
89,0.4050355241946175,0.5949644758053825
90,0.46228710872428647,0.5377128912757135
91,0.4383224681785678,0.5616775318214322
92,0.2308064603822925,0.7691935396177075
93,0.660390361724268,0.339609638275732
94,0.35128623702542366,0.6487137629745763
95,0.8343195139148106,0.16568048608518937
96,0.6485567757188498,0.35144322428115016
97,0.6014710132178984,0.3985289867821016
98,0.20243450090408957,0.7975654990959105
99,0.7013816949339742,0.2986183050660258
100,0.796753621967931,0.20324637803206902
101,0.389260143424413,0.610739856575587
102,0.5124126273856012,0.4875873726143988
103,0.7100895067566559,0.28991049324334406
104,0.6922660988030269,0.3077339011969731
105,0.3280845199520283,0.6719154800479716
106,0.883686567681283,0.11631343231871705
107,0.7422692431740733,0.2577307568259267
108,0.30803249453493337,0.6919675054650667
109,0.7016747809165068,0.2983252190834932
110,0.6378771534473832,0.36212284655261684
111,0.3085574992613932,0.6914425007386068
112,0.3476072895577168,0.6523927104422832
113,0.3344507004732576,0.6655492995267425
114,0.7233187592633347,0.27668124073666533
115,0.6532503965448758,0.3467496034551242
116,0.6453081264016547,0.3546918735983453
117,0.6626167351735003,0.3373832648264997
118,0.30211471224062736,0.6978852877593726
119,0.817255442341422,0.182744557658578
120,0.13682782129944254,0.8631721787005575
121,0.6503601237643145,0.3496398762356855
122,0.22247016524682256,0.7775298347531774
123,0.9240322231709222,0.07596777682907785
124,0.30169598668793596,0.698304013312064
125,0.6621226461939261,0.33787735380607387
126,0.17580036581034672,0.8241996341896533
127,0.5934832400728003,0.4065167599271997
128,0.6829330141904649,0.3170669858095351
129,0.603034751874067,0.39696524812593303
130,0.656302679054935,0.343697320945065
131,0.6385903152329409,0.36140968476705915
132,0.6627671927600359,0.33723280723996407
133,0.5197181288004877,0.48028187119951227
134,0.2304226712682208,0.7695773287317792
135,0.6624935238908217,0.3375064761091783
136,0.711322803934868,0.288677196065132
137,0.8868308222352015,0.11316917776479851
138,0.19238496783612574,0.8076150321638742
139,0.6276687980428605,0.37233120195713953
140,0.5622133283851529,0.4377866716148471
141,0.7556110962225662,0.24438890377743383
142,0.26431540726549413,0.7356845927345059
143,0.28570056707630126,0.7142994329236987
144,0.7305671259848838,0.2694328740151162
145,0.370179916900521,0.629820083099479
146,0.44134948679290903,0.5586505132070909
147,0.2405646510626393,0.7594353489373606
148,0.8198831181719918,0.18011688182800822
149,0.48090914832670173,0.5190908516732983
150,0.44817238817827615,0.5518276118217238
151,0.44662720830594516,0.5533727916940548
152,0.4023419158177006,0.5976580841822994
153,0.9207724628188156,0.07922753718118436
154,0.8358995896170511,0.16410041038294887
155,0.22025115651651248,0.7797488434834875
156,0.6711635228438865,0.3288364771561135
157,0.2087931123725868,0.7912068876274132
158,0.5246327389351483,0.4753672610648517
159,0.4923928845740025,0.5076071154259976
160,0.9544221751927486,0.045577824807251366
161,0.6985620765969014,0.3014379234030986
162,0.2402662170952763,0.7597337829047237
163,0.6970501177287561,0.30294988227124386
164,0.3486614563599956,0.6513385436400043
165,0.12528082062374546,0.8747191793762545
166,0.8331403662542856,0.16685963374571444
167,0.6257040371664006,0.37429596283359945
168,0.9056065272827057,0.09439347271729426
169,0.5104638960994513,0.4895361039005487
170,0.7264498750768805,0.2735501249231195
171,0.4824481088805979,0.5175518911194021
172,0.775074877095226,0.22492512290477396
173,0.860897625651447,0.139102374348553
174,0.4501418610467214,0.5498581389532786
175,0.4287506092387284,0.5712493907612717
176,0.8746798934893464,0.12532010651065362
177,0.6685307800291285,0.33146921997087153
178,0.3702394107787677,0.6297605892212323
179,0.6431920507272451,0.35680794927275494
180,0.3677385433350025,0.6322614566649976
181,0.22859287706470635,0.7714071229352937
182,0.5752010673183092,0.4247989326816908
183,0.6262048724035558,0.3737951275964442
184,0.5881007483775961,0.41189925162240393
185,0.5805388722482893,0.41946112775171074
186,0.21423156114425915,0.7857684388557409
187,0.3582436556352336,0.6417563443647665
188,0.35003716297467996,0.6499628370253201
189,0.3124711746385307,0.6875288253614693
190,0.2190892454135465,0.7809107545864535
191,0.5835575894517738,0.41644241054822617
192,0.5465082351051535,0.45349176489484655
193,0.8410972069616278,0.15890279303837218
194,0.3023313635649127,0.6976686364350873
195,0.2311222227229839,0.7688777772770161
196,0.23123554836206595,0.768764451637934
197,0.196636954062936,0.803363045937064
198,0.336361708949428,0.663638291050572
199,0.33018923335671374,0.6698107666432862
200,0.17751240695046988,0.8224875930495301
201,0.20617721908319553,0.7938227809168045
202,0.10727338320639597,0.892726616793604
203,0.16121388548739682,0.8387861145126032
204,0.6564400586470985,0.34355994135290147
205,0.7309860869245728,0.2690139130754272
206,0.7804233367694359,0.21957666323056413
207,0.6362436157850139,0.36375638421498613
208,0.1907726564499463,0.8092273435500537
209,0.32685388498904566,0.6731461150109543
210,0.5316407254904597,0.4683592745095403
211,0.49869022166846333,0.5013097783315367
212,0.4548804732333371,0.5451195267666629
213,0.40333715781408463,0.5966628421859154
214,0.13860423009917325,0.8613957699008268
215,0.49969583430971326,0.5003041656902867
216,0.4852619490054964,0.5147380509945036
217,0.37185072870378,0.62814927129622
218,0.35137367347725984,0.6486263265227401
219,0.2835981996421482,0.7164018003578518
220,0.7295879861244686,0.2704120138755314
221,0.9166858448642804,0.0833141551357196
222,0.8307246942725401,0.16927530572745986
223,0.7215612101917588,0.2784387898082412
224,0.7826230437030226,0.2173769562969774
225,0.2762946793727371,0.7237053206272629
226,0.8666350979272385,0.13336490207276153
227,0.8932059394710655,0.10679406052893448
228,0.45809663990978156,0.5419033600902184
229,0.5247673025234292,0.4752326974765708
230,0.7564198700357702,0.24358012996422984
231,0.7223953852656384,0.2776046147343616
232,0.5230077433901821,0.4769922566098179
233,0.19319874986739063,0.8068012501326094
234,0.7802741503933066,0.2197258496066934
235,0.7456490235252478,0.25435097647475224
236,0.758978678588786,0.24102132141121402
237,0.5773998492334496,0.42260015076655044
238,0.8423271927195093,0.1576728072804907
239,0.04569450159325165,0.9543054984067484
240,0.3578174363441987,0.6421825636558013
241,0.9268586175668461,0.07314138243315393
242,0.2733465225465605,0.7266534774534394
243,0.8379048613731378,0.1620951386268622
244,0.5452971696745993,0.4547028303254007
245,0.4168567460789362,0.5831432539210638
246,0.16247288251577846,0.8375271174842216
247,0.5139081878885915,0.4860918121114085
248,0.8335814254246651,0.16641857457533493
249,0.47156413815261256,0.5284358618473874
250,0.39264168969718616,0.6073583103028138
251,0.0632029406832591,0.936797059316741
252,0.5721696409322984,0.4278303590677016
253,0.8227030079026102,0.1772969920973898
254,0.27634052835225703,0.7236594716477429
255,0.6932981966673664,0.30670180333263364
256,0.4197388677646136,0.5802611322353863
257,0.25237924521276855,0.7476207547872314
258,0.5458313500331706,0.4541686499668294
259,0.8503407438662062,0.14965925613379383
260,0.837605904230066,0.16239409576993402
261,0.32967758031888156,0.6703224196811184
262,0.4663126014740928,0.5336873985259072
263,0.6789742412088685,0.3210257587911315
264,0.8775110715879687,0.1224889284120313
265,0.6223178668374002,0.3776821331625998
266,0.23645204033152256,0.7635479596684774
267,0.40510151778422515,0.5948984822157748
268,0.7140975792506654,0.2859024207493346
269,0.7980524280188325,0.20194757198116753
270,0.4564134637601874,0.5435865362398127
271,0.43234160416321127,0.5676583958367887
272,0.6724872623872802,0.3275127376127198
273,0.8850111684697368,0.11498883153026318
274,0.7325425881282692,0.2674574118717308
275,0.43245178443032173,0.5675482155696783
276,0.6012247781660632,0.39877522183393677
277,0.2953685971200853,0.7046314028799148
278,0.7591458104617543,0.24085418953824567
279,0.41325611593304656,0.5867438840669534
280,0.599729576967354,0.40027042303264604
281,0.6009601727583275,0.39903982724167253
282,0.8019044091939047,0.1980955908060953
283,0.278413074888734,0.721586925111266
284,0.5448362912630927,0.45516370873690726
285,0.15597511561009567,0.8440248843899043
286,0.3580798525851935,0.6419201474148065
287,0.7925045032224173,0.20749549677758272
288,0.7857855134589529,0.21421448654104713
289,0.7581676123885164,0.24183238761148362
290,0.39585013342116826,0.6041498665788317
291,0.7995766260543445,0.20042337394565546
292,0.5595684386160303,0.44043156138396966
293,0.3531968239326513,0.6468031760673487
294,0.7485819845045044,0.2514180154954956
295,0.35389748252294884,0.6461025174770512
296,0.40670424002526817,0.5932957599747318
297,0.09933864826753536,0.9006613517324646
298,0.5918541591688552,0.4081458408311448
299,0.19251475418302047,0.8074852458169796
300,0.8164256032867961,0.18357439671320386
301,0.6276146454563726,0.3723853545436274
302,0.4995718976120157,0.5004281023879843
303,0.44316727842791376,0.5568327215720863
304,0.2108531292420715,0.7891468707579286
305,0.8213891774231422,0.1786108225768578
306,0.5832492284376496,0.4167507715623504
307,0.5579637423508447,0.44203625764915533
308,0.39141054582178164,0.6085894541782184
309,0.7389380661641716,0.26106193383582843
310,0.41836520516414794,0.581634794835852
311,0.31178529550891637,0.6882147044910836
312,0.4673025709404081,0.5326974290595918
313,0.7826424066013901,0.21735759339860994
314,0.38583886540658163,0.6141611345934184
315,0.8494408795545707,0.1505591204454293
316,0.48879934346422754,0.5112006565357725
317,0.4836284005506515,0.5163715994493485
318,0.5519688646738785,0.4480311353261215
319,0.6170295864892446,0.38297041351075545
320,0.6328576844125835,0.3671423155874165
321,0.6275722355042446,0.37242776449575543
322,0.2012562794158935,0.7987437205841065
323,0.17989194865371105,0.820108051346289
324,0.3899622016056388,0.6100377983943612
325,0.5259896179923704,0.47401038200762957
326,0.5285151619928622,0.4714848380071378
327,0.9515953787142608,0.04840462128573919
328,0.6777455191064459,0.32225448089355413
329,0.2757321274364223,0.7242678725635777
330,0.5452505786141899,0.4547494213858101
331,0.6203772675026828,0.37962273249731715
332,0.32973323001022714,0.6702667699897729
333,0.37492811489329103,0.625071885106709
334,0.6958229921945968,0.30417700780540324
335,0.9293650405307085,0.07063495946929155
336,0.4503344170928601,0.54966558290714
337,0.8056742974886156,0.19432570251138437
338,0.1852921354265379,0.8147078645734621
339,0.3252564522663305,0.6747435477336695
340,0.9265500686342181,0.07344993136578193
341,0.7170301610158707,0.2829698389841293
342,0.23504854095030042,0.7649514590496995
343,0.5831584059519505,0.41684159404804955
344,0.6629820119448354,0.3370179880551646
345,0.17739342195940083,0.8226065780405991
346,0.4498013624690477,0.5501986375309522
347,0.5699416028592669,0.43005839714073313
348,0.5999159673420191,0.40008403265798087
349,0.7087510999538501,0.2912489000461499
350,0.3493676591663608,0.6506323408336392
351,0.8230603894910219,0.1769396105089781
352,0.6813811946467803,0.31861880535321974
353,0.6150453111897614,0.38495468881023864
354,0.375820198704052,0.6241798012959481
355,0.24426798268651687,0.7557320173134832
356,0.5296826557058317,0.47031734429416827
357,0.6239588694916756,0.37604113050832444
358,0.11612550691757913,0.8838744930824208
359,0.3827422225424333,0.6172577774575667
360,0.7462565457649849,0.2537434542350151
361,0.8004033472647126,0.19959665273528737
362,0.2559933227697021,0.7440066772302979
363,0.47049953264920685,0.5295004673507931
364,0.37017612600322014,0.6298238739967799
365,0.4302457299083781,0.5697542700916218
366,0.21248099017347438,0.7875190098265257
367,0.45459639618378545,0.5454036038162146
368,0.8506249739875057,0.1493750260124943
369,0.6325149266875163,0.3674850733124837
370,0.6735765657921566,0.32642343420784337
371,0.8141626258922533,0.1858373741077467
372,0.1254022846611813,0.8745977153388187
373,0.797336647961571,0.202663352038429
374,0.7498382047238704,0.2501617952761296
375,0.6819226284916331,0.3180773715083669
376,0.2687115365423331,0.7312884634576668
377,0.5223424102854419,0.4776575897145581
378,0.5433366938054938,0.45666330619450624
379,0.5928652389228212,0.40713476107717883
380,0.23797761164416717,0.7620223883558328
381,0.4123195940081797,0.5876804059918204
382,0.8064335915112679,0.19356640848873208
383,0.5598690504508398,0.4401309495491602
384,0.4995694542854702,0.5004305457145297
385,0.7273647309974944,0.27263526900250556
386,0.6905537255473283,0.3094462744526717
387,0.743207366465367,0.256792633534633
388,0.4553179915432599,0.5446820084567401
389,0.7599452758704689,0.2400547241295311
390,0.8962894550101606,0.10371054498983945
391,0.5218811070553807,0.4781188929446193
392,0.5485377067700076,0.45146229322999243
393,0.7367410101048715,0.2632589898951285
394,0.22617325219330908,0.7738267478066909
395,0.8323636816597189,0.16763631834028114
396,0.5250981114871875,0.47490188851281245
397,0.7035684886938337,0.2964315113061663
398,0.6415914842300924,0.3584085157699076
399,0.6880246831664083,0.3119753168335917
400,0.7094681600971022,0.29053183990289777
401,0.5489223471121394,0.4510776528878606
402,0.49319731202325345,0.5068026879767465
403,0.839440072498755,0.16055992750124504
404,0.18414680233657782,0.8158531976634222
405,0.34481622254262145,0.6551837774573785
406,0.7319221547499829,0.2680778452500171
407,0.8733188771810907,0.1266811228189093
408,0.5402840795261301,0.4597159204738699
409,0.41442231741827235,0.5855776825817276
410,0.7874350498768453,0.21256495012315468
411,0.32182634961746875,0.6781736503825313
412,0.5581772593844224,0.4418227406155776
413,0.5887613568918447,0.4112386431081553
414,0.4890409267324431,0.5109590732675569
415,0.7703772389471953,0.22962276105280466
416,0.7429923826567867,0.2570076173432133
417,0.14028651130588063,0.8597134886941193
418,0.7199597315165048,0.28004026848349517
419,0.18493094447954644,0.8150690555204536
420,0.5727102225028178,0.4272897774971822
421,0.23671121501558678,0.7632887849844132
422,0.6077999201924136,0.3922000798075864
423,0.7624336800618358,0.23756631993816424
424,0.4154977542346849,0.5845022457653151
425,0.26372748999717294,0.7362725100028271
426,0.2959876832934607,0.7040123167065393
427,0.8557885161286406,0.1442114838713594
428,0.64667297076791,0.35332702923209003
429,0.7404656793100569,0.2595343206899431
430,0.5738675388844906,0.4261324611155094
431,0.3683863768458329,0.6316136231541671
432,0.5330197449038951,0.46698025509610486
433,0.6558521022729028,0.3441478977270972
434,0.8146244948707034,0.18537550512929657
435,0.7898030316459534,0.21019696835404655
436,0.322748799311347,0.6772512006886531
437,0.21156391604893143,0.7884360839510686
438,0.30756590760465974,0.6924340923953403
439,0.6645942085258473,0.3354057914741527
440,0.2867937480717733,0.7132062519282267
441,0.538349824687444,0.46165017531255603
442,0.4152110623154807,0.5847889376845192
443,0.5653658906235738,0.4346341093764262
444,0.6649726979884969,0.3350273020115031
445,0.5898585315253297,0.41014146847467026
446,0.7277977450773176,0.27220225492268235
447,0.8384462679547094,0.16155373204529055
448,0.44411338494628844,0.5558866150537116
449,0.7355057183056442,0.26449428169435585
450,0.5616218537533502,0.43837814624664984
451,0.24496306846467147,0.7550369315353285
452,0.14100600768100605,0.858993992318994
453,0.7365599593712022,0.2634400406287978
454,0.5578636491294646,0.4421363508705354
455,0.852895053815044,0.14710494618495595
456,0.33206583226444614,0.6679341677355539
457,0.4652247177099458,0.5347752822900542
458,0.5404808388499525,0.45951916115004754
459,0.4668962408884358,0.5331037591115642
460,0.5385937698796756,0.46140623012032445
461,0.265725339277602,0.734274660722398
462,0.3235129862122831,0.6764870137877169
463,0.5471661277680657,0.4528338722319343
464,0.40156169746502673,0.5984383025349733
465,0.6176159645936066,0.38238403540639343
466,0.384048469250114,0.615951530749886
467,0.35796133529009516,0.6420386647099048
468,0.5121815632026245,0.48781843679737547
469,0.6682466640757744,0.3317533359242256
470,0.22013034038786516,0.7798696596121348
471,0.389796143838523,0.610203856161477
472,0.36193988526292087,0.6380601147370791
473,0.4949239364077632,0.5050760635922368
474,0.3097107789028734,0.6902892210971265
475,0.44113417045904507,0.558865829540955
476,0.35598415099493774,0.6440158490050623
477,0.09490105283489093,0.9050989471651091
478,0.9846810170076904,0.015318982992309604
479,0.7290607126478017,0.2709392873521983
480,0.3356306222305474,0.6643693777694526
481,0.765234007102476,0.23476599289752398
482,0.48162988835107107,0.518370111648929
483,0.26251832219780785,0.7374816778021922
484,0.7489255260238215,0.25107447397617855
485,0.512131717618657,0.48786828238134305
486,0.13688464366000205,0.8631153563399979
487,0.2501577465792341,0.7498422534207658
488,0.7680141796681832,0.2319858203318168
489,0.8128493010350542,0.18715069896494585
490,0.568063898362863,0.431936101637137
491,0.29421491364981006,0.70578508635019
492,0.7521618388059421,0.24783816119405788
493,0.302021523433268,0.6979784765667321
494,0.8269834699877546,0.17301653001224537
495,0.5325168485282245,0.46748315147177555
496,0.4950340654664974,0.5049659345335026
497,0.44020541293026666,0.5597945870697334
498,0.31388190566154367,0.6861180943384564
499,0.9702238055103648,0.0297761944896352
500,0.7332924431381683,0.2667075568618317
501,0.4362048740895549,0.5637951259104451
502,0.3134503052788954,0.6865496947211046
503,0.3503970975575462,0.6496029024424538
504,0.39209417844648936,0.6079058215535107
505,0.32288016380202034,0.6771198361979797
506,0.6347026975304148,0.36529730246958525
507,0.7769692708576031,0.22303072914239686
508,0.8540142234693164,0.14598577653068356
509,0.824170088010555,0.17582991198944498
510,0.4889671106927184,0.5110328893072815
511,0.31385552912751336,0.6861444708724866
512,0.21981119034067703,0.780188809659323
513,0.6202561829785346,0.3797438170214654
514,0.4324105776497295,0.5675894223502704
515,0.5604029846851268,0.43959701531487316
516,0.4060461242269467,0.5939538757730534
517,0.4793036491738182,0.5206963508261818
518,0.4028580488497972,0.5971419511502027
519,0.3559174919318565,0.6440825080681435
520,0.666686444098928,0.33331355590107203
521,0.5927027905105867,0.4072972094894133
522,0.79822538508831,0.20177461491169002
523,0.7866906158451243,0.21330938415487566
524,0.9236163277049981,0.07638367229500187
525,0.7458194605921857,0.25418053940781427
526,0.7449633427572147,0.25503665724278535
527,0.13021261179469748,0.8697873882053025
528,0.18410448507443758,0.8158955149255624
529,0.3184653525404617,0.6815346474595383
530,0.6474832090039584,0.3525167909960416
531,0.7060128533174598,0.2939871466825402
532,0.6831916745855199,0.3168083254144801
533,0.8914426070859209,0.10855739291407906
534,0.38388709806356636,0.6161129019364336
535,0.7930245783459879,0.20697542165401206
536,0.649901782280543,0.35009821771945704
537,0.7314817034936528,0.2685182965063472
538,0.3104008336529863,0.6895991663470137
539,0.1773974122853688,0.8226025877146312
540,0.5508207307140622,0.44917926928593777
541,0.43768185373191426,0.5623181462680857
542,0.341229410203883,0.658770589796117
543,0.5278444902903715,0.4721555097096285
544,0.7047805388341597,0.2952194611658403
545,0.4912417761510213,0.5087582238489787
546,0.6856239372629896,0.31437606273701035
547,0.4237357910490935,0.5762642089509065
548,0.7887299806781158,0.21127001932188416
549,0.291858492036573,0.708141507963427
550,0.426680929477821,0.573319070522179
551,0.30452898779544024,0.6954710122045598
552,0.22041959014669493,0.779580409853305
553,0.8336472296004436,0.16635277039955643
554,0.28650036163446824,0.7134996383655318
555,0.5647761630897231,0.4352238369102769
556,0.619095801557275,0.38090419844272505
557,0.43221900807976277,0.5677809919202372
558,0.2576163183184262,0.7423836816815739
559,0.7765605311076689,0.22343946889233113
560,0.10825327987681103,0.891746720123189
561,0.28526382541651274,0.7147361745834873
562,0.12221997339638263,0.8777800266036173
563,0.9433928276327224,0.056607172367277636
564,0.4191188048927392,0.5808811951072608
565,0.1509426844686833,0.8490573155313167
566,0.6289262849713428,0.37107371502865716
567,0.8786601408845297,0.1213398591154703
568,0.7495024450021351,0.25049755499786486
569,0.7781641120538301,0.22183588794616993
570,0.8491557288865041,0.15084427111349585
571,0.3013650554864569,0.6986349445135431
572,0.9292004311389643,0.07079956886103567
573,0.9654021868421391,0.034597813157860924
574,0.28519142488460564,0.7148085751153943
575,0.8825903153421053,0.1174096846578947
576,0.5164246094497713,0.4835753905502287
577,0.24073941196234855,0.7592605880376515
578,0.7331462510973275,0.26685374890267255
579,0.48784393232837403,0.5121560676716259
580,0.26451673511012286,0.7354832648898771
581,0.553440611988195,0.44655938801180495
582,0.7830877567154817,0.2169122432845183
583,0.5090585839448851,0.4909414160551149
584,0.46917452084122224,0.5308254791587778
585,0.34902754033815053,0.6509724596618495
586,0.33203566243334054,0.6679643375666595
587,0.1863152927317036,0.8136847072682964
588,0.280338291168876,0.719661708831124
589,0.5889078105499517,0.41109218945004833
590,0.7817382697022967,0.21826173029770335
591,0.6610862832556965,0.3389137167443035
592,0.45366236811261207,0.5463376318873879
593,0.8849641915205789,0.11503580847942108
594,0.8122114881352784,0.18778851186472156
595,0.3729569738320328,0.6270430261679671
596,0.770438742318116,0.22956125768188396
597,0.7931652993123232,0.20683470068767684
598,0.4028452202345725,0.5971547797654275
599,0.49097795324320714,0.5090220467567929
600,0.11240830430468568,0.8875916956953143
601,0.49471475265279197,0.505285247347208
602,0.6160788312289722,0.3839211687710278
603,0.43673052668480977,0.5632694733151902
604,0.8164835123103259,0.1835164876896741
605,0.7864405557944294,0.2135594442055706
606,0.4615831266107016,0.5384168733892984
607,0.5037835058402558,0.4962164941597442
608,0.6496436748125541,0.35035632518744586
609,0.7789579074568289,0.2210420925431711
610,0.5573137268405948,0.44268627315940523
611,0.8431450209818735,0.1568549790181265
612,0.25178925523650936,0.7482107447634907
613,0.6971543053850127,0.30284569461498734
614,0.3948020215033076,0.6051979784966923
615,0.19630881049299143,0.8036911895070086
616,0.27277113481132825,0.7272288651886718
617,0.3657574010067608,0.6342425989932392
618,0.1832034215227487,0.8167965784772513
619,0.6006357111771934,0.3993642888228066
620,0.2566215842171271,0.7433784157828729
621,0.2811329069739576,0.7188670930260423
622,0.6377961311508129,0.3622038688491871
623,0.5011286777365956,0.49887132226340436
624,0.30924405280446904,0.6907559471955309
625,0.6676334180637856,0.3323665819362144
626,0.6858140206873529,0.31418597931264713
627,0.17210513558519572,0.8278948644148043
628,0.9577705500082199,0.04222944999178013
629,0.3677589052480697,0.6322410947519304
630,0.6588859933091231,0.3411140066908769
631,0.6768976768882545,0.32310232311174547
632,0.5769380333537671,0.42306196664623286
633,0.26945391999424567,0.7305460800057544
634,0.4404647263326436,0.5595352736673564
635,0.4958795972796012,0.5041204027203988
636,0.4713665412709603,0.5286334587290398
637,0.7272832979671031,0.2727167020328969
638,0.16568805521830335,0.8343119447816967
639,0.24987579637598228,0.7501242036240177
640,0.5884499388071555,0.41155006119284454
641,0.11785666461650443,0.8821433353834955
642,0.8043011451301867,0.1956988548698133
643,0.39318075673206293,0.6068192432679371
644,0.6423808636420372,0.35761913635796283
645,0.5604078626037409,0.43959213739625913
646,0.38370435864873165,0.6162956413512684
647,0.11706142884099838,0.8829385711590017
648,0.2681857103786559,0.7318142896213441
649,0.30065157981497753,0.6993484201850224
650,0.4868481119238119,0.5131518880761881
651,0.43430206231412555,0.5656979376858744
652,0.3628622426726643,0.6371377573273357
653,0.7487175373407778,0.25128246265922216
654,0.7727284561619864,0.22727154383801362
655,0.4747468894121502,0.5252531105878497
656,0.2900075268109544,0.7099924731890457
657,0.5931249699447347,0.40687503005526526
658,0.6101716327528678,0.3898283672471322
659,0.7602138241738283,0.23978617582617168
660,0.32564301718879524,0.6743569828112048
661,0.5572622749217666,0.4427377250782334
662,0.6192546439192239,0.3807453560807761
663,0.5437064700447577,0.4562935299552423
664,0.648404497616284,0.35159550238371595
665,0.31344359976374336,0.6865564002362566
666,0.8300285948134882,0.16997140518651177
667,0.8462595555504026,0.15374044444959745
668,0.23991855782838362,0.7600814421716164
669,0.7542544204839092,0.24574557951609077
670,0.42953416755117185,0.5704658324488281
671,0.5909850237692167,0.4090149762307833
672,0.620513836432382,0.379486163567618
673,0.5511026739645613,0.44889732603543875
674,0.9333040213963969,0.0666959786036031
675,0.6407423362158785,0.3592576637841215
676,0.7272936049384449,0.27270639506155514
677,0.8042273443111023,0.19577265568889768
678,0.7372799807433982,0.2627200192566018
679,0.5209541051510572,0.4790458948489428
680,0.5009948278535785,0.4990051721464215
681,0.5210540976456917,0.47894590235430834
682,0.38781568210265255,0.6121843178973474
683,0.4505229871886722,0.5494770128113278
684,0.6726695398940965,0.3273304601059035
685,0.7852125198262898,0.2147874801737102
686,0.4536800785120855,0.5463199214879144
687,0.44135962209433094,0.558640377905669
688,0.44099258072364506,0.559007419276355
689,0.652247290416834,0.34775270958316595
690,0.5614456741980113,0.4385543258019887
691,0.631267922768403,0.36873207723159696
692,0.5443302953290114,0.45566970467098855
693,0.43129369880757606,0.5687063011924239
694,0.3527090597405734,0.6472909402594266
695,0.6842443072033347,0.31575569279666527
696,0.19478355144423282,0.8052164485557671
697,0.9847661587214254,0.015233841278574634
698,0.26327736346567393,0.736722636534326
699,0.9204078063968107,0.07959219360318925
700,0.6289245587845754,0.3710754412154246
701,0.2286060409048477,0.7713939590951523
702,0.30386883864476727,0.6961311613552328
703,0.239806858590381,0.760193141409619
704,0.6299614417437788,0.37003855825622123
705,0.17821687817059118,0.8217831218294088
706,0.3450055796447007,0.6549944203552993
707,0.15057031258635376,0.8494296874136462
708,0.48059935683087485,0.5194006431691252
709,0.43500314533263534,0.5649968546673647
710,0.1354045367172542,0.8645954632827458
711,0.10763050171550886,0.8923694982844912
712,0.6553064851550362,0.3446935148449638
713,0.5610381219379956,0.4389618780620044
714,0.15004143001618891,0.849958569983811
715,0.21952599444561646,0.7804740055543835
716,0.2771722832772493,0.7228277167227507
717,0.45705049675175025,0.5429495032482498
718,0.43401497043483583,0.5659850295651642
719,0.47989767760482155,0.5201023223951784
720,0.6967962338571457,0.30320376614285427
721,0.6201151541463411,0.3798848458536589
722,0.3154989753603529,0.6845010246396471
723,0.5332753802573409,0.4667246197426591
724,0.5473941744244377,0.4526058255755623
725,0.16984114078618545,0.8301588592138145
726,0.4917104990343883,0.5082895009656117
727,0.8144651008964063,0.18553489910359366
728,0.332673385228379,0.667326614771621
729,0.6285452349866234,0.3714547650133766
730,0.4262397538710048,0.5737602461289952
731,0.7305713912675225,0.26942860873247754
732,0.30406545964530113,0.6959345403546988
733,0.6980330090127472,0.30196699098725277
734,0.73581119093564,0.26418880906436004
735,0.19661265832798802,0.803387341672012
736,0.675610200609904,0.32438979939009605
737,0.4493548435737786,0.5506451564262214
738,0.42267058723229045,0.5773294127677095
739,0.7035891989031136,0.29641080109688644
740,0.6654891355908824,0.3345108644091176
741,0.4531038516577259,0.5468961483422741
742,0.6768941759098397,0.3231058240901603
743,0.655540172486009,0.34445982751399096
744,0.8158724652148905,0.18412753478510946
745,0.48869727214702624,0.5113027278529738
746,0.6321087145412851,0.36789128545871486
747,0.6436102209325485,0.3563897790674515
748,0.82622319156284,0.17377680843716004
749,0.4913617550680219,0.5086382449319782
750,0.5003903732349964,0.49960962676500364
751,0.729620681472123,0.270379318527877
752,0.6356222646464247,0.3643777353535753
753,0.37862944575839697,0.621370554241603
754,0.30720765925385835,0.6927923407461416
755,0.5551716954373248,0.4448283045626752
756,0.47605679510279086,0.5239432048972091
757,0.3688024704600672,0.6311975295399328
758,0.536129067004403,0.463870932995597
759,0.3615051225763363,0.6384948774236636
760,0.6196028627529963,0.38039713724700375
761,0.4439121648630897,0.5560878351369103
762,0.6089532193845233,0.3910467806154767
763,0.8393051783377917,0.16069482166220828
764,0.47295928133124876,0.5270407186687512
765,0.6217566867082293,0.37824331329177074
766,0.1871969520745125,0.8128030479254875
767,0.2744549941866404,0.7255450058133597
768,0.5383799341584489,0.46162006584155113
769,0.13909792339981797,0.860902076600182
770,0.3704526949806337,0.6295473050193663
771,0.6509450252513893,0.3490549747486107
772,0.44774626952476393,0.5522537304752361
773,0.20607796282327628,0.7939220371767237
774,0.5852443072361124,0.4147556927638876
775,0.7753110555239409,0.22468894447605914
776,0.41499406649693843,0.5850059335030615
777,0.6852076918965528,0.31479230810344716
778,0.24818640898562125,0.7518135910143787
779,0.8052779166148999,0.1947220833851001
780,0.3096868741304929,0.6903131258695071
781,0.7977135462861764,0.2022864537138236
782,0.4853328983075596,0.5146671016924405
783,0.7462681365785006,0.25373186342149945
784,0.763423867139792,0.23657613286020795
785,0.7999826309298453,0.20001736907015466
786,0.2100701511060971,0.7899298488939028
787,0.4695354964921763,0.5304645035078237
788,0.8707938669514309,0.1292061330485691
789,0.5663652072811937,0.43363479271880634
790,0.3248496272492963,0.6751503727507038
791,0.310090565304211,0.689909434695789
792,0.5606607029983457,0.4393392970016543
793,0.8239033507284923,0.1760966492715077
794,0.7187766505274418,0.2812233494725582
795,0.3091055839811405,0.6908944160188595
796,0.7803976389017546,0.21960236109824538
797,0.8045823759299922,0.19541762407000784
798,0.8466818058009266,0.15331819419907344
799,0.3572188229752454,0.6427811770247547
800,0.19453663786705866,0.8054633621329413
801,0.7368602006798219,0.26313979932017806
802,0.2944509317593786,0.7055490682406214
803,0.8128778512208109,0.1871221487791891
804,0.6350926287283262,0.36490737127167383
805,0.5986040635489566,0.40139593645104343
806,0.24091936275271542,0.7590806372472846
807,0.5710679060838407,0.4289320939161593
808,0.682802208580883,0.31719779141911697
809,0.5000501603966425,0.4999498396033575
810,0.7825530702873204,0.21744692971267965
811,0.4141161046319574,0.5858838953680425
812,0.5554493181839912,0.44455068181600876
813,0.643710177321693,0.356289822678307
814,0.6091264652283898,0.39087353477161024
815,0.6128312340458258,0.38716876595417415
816,0.3796418388165273,0.6203581611834728
817,0.4991528250050695,0.5008471749949305
818,0.711685019925336,0.28831498007466405
819,0.24306246214590066,0.7569375378540993
820,0.3871037546726511,0.6128962453273489
821,0.602521824357397,0.397478175642603
822,0.2196720185943356,0.7803279814056644
823,0.6168217359832078,0.3831782640167922
824,0.8273765415130446,0.17262345848695537
825,0.4257298284332954,0.5742701715667047
826,0.371560394895636,0.6284396051043639
827,0.19250664418352934,0.8074933558164706
828,0.0396701043226725,0.9603298956773275
829,0.6306674106935,0.36933258930650004
830,0.4095712131205584,0.5904287868794416
831,0.51654004295923,0.48345995704077005
832,0.1442606041559036,0.8557393958440964
833,0.7792092971377519,0.2207907028622481
834,0.5549297134179321,0.44507028658206793
835,0.456420794960117,0.543579205039883
836,0.4470421286292562,0.5529578713707438
837,0.6196857994864421,0.3803142005135579
838,0.11669094954408628,0.8833090504559137
839,0.6783770195240815,0.32162298047591853
840,0.2528756994650732,0.7471243005349268
841,0.8185774015515467,0.18142259844845332
842,0.384196389556639,0.6158036104433611
843,0.3542044134558603,0.6457955865441397
844,0.24305502554836372,0.7569449744516363
845,0.5727449689589811,0.4272550310410189
846,0.8114786896581595,0.1885213103418405
847,0.4617047783355835,0.5382952216644166
848,0.4776718291070329,0.5223281708929671
849,0.7305090357510533,0.2694909642489467
850,0.9815782109516853,0.018421789048314707
851,0.6093597995990996,0.3906402004009004
852,0.24574910774132633,0.7542508922586737
853,0.11499291371301809,0.8850070862869819
854,0.3881986645631296,0.6118013354368703
855,0.3148268995521112,0.6851731004478888
856,0.5103133101850096,0.4896866898149904
857,0.5153193313429145,0.4846806686570855
858,0.5253936802596679,0.47460631974033207
859,0.7563969893577592,0.24360301064224077
860,0.4464232956961644,0.5535767043038355
861,0.8159712977388697,0.18402870226113033
862,0.6769340433166183,0.32306595668338167
863,0.48871682924255466,0.5112831707574453
864,0.24160943931077103,0.7583905606892289
865,0.23045862092842276,0.7695413790715773
866,0.30626179264775416,0.6937382073522458
867,0.42118960460879795,0.578810395391202
868,0.47015315890198234,0.5298468410980177
869,0.4438019330548135,0.5561980669451865
870,0.4873661808025437,0.5126338191974563
871,0.4438861556109877,0.5561138443890123
872,0.4604718044485635,0.5395281955514365
873,0.7217933265415689,0.2782066734584311
874,0.5530978816823283,0.4469021183176717
875,0.36810465701657163,0.6318953429834284
876,0.7953634543975812,0.20463654560241884
877,0.21264467835929682,0.7873553216407032
878,0.5150657760907342,0.48493422390926577
879,0.6182798591529199,0.38172014084708006
880,0.5862526526162812,0.41374734738371877
881,0.6495880904877867,0.35041190951221335
882,0.05845629421142392,0.941543705788576
883,0.944796890775609,0.05520310922439098
884,0.7479879627894102,0.25201203721058985
885,0.20180911338246108,0.7981908866175389
886,0.27558050253595556,0.7244194974640444
887,0.8074176560085307,0.19258234399146934
888,0.1452719562333544,0.8547280437666456
889,0.21223526272576285,0.7877647372742371
890,0.8684048908834574,0.1315951091165426
891,0.872046540629392,0.12795345937060798
892,0.3278475768795614,0.6721524231204385
893,0.5520509124545411,0.4479490875454589
894,0.8934365318086636,0.10656346819133644
895,0.35712012850659575,0.6428798714934043
896,0.39511923577519226,0.6048807642248077
897,0.8066007860956659,0.19339921390433412
898,0.18861553830373678,0.8113844616962632
899,0.8622810483099399,0.1377189516900601
900,0.36974693400920994,0.6302530659907901
901,0.6791994036419396,0.32080059635806035
902,0.6210385004853282,0.37896149951467184
903,0.5965450630795478,0.4034549369204522
904,0.7825406492023042,0.21745935079769585
905,0.5506244261472567,0.4493755738527433
906,0.7782247045714256,0.22177529542857444
907,0.586379915595656,0.41362008440434395
908,0.4443396891784004,0.5556603108215996
909,0.479163194776057,0.5208368052239429
910,0.3124038648766621,0.687596135123338
911,0.5263763450453344,0.47362365495466563
912,0.489291202282853,0.510708797717147
913,0.7700531444220778,0.22994685557792216
914,0.37825250779308534,0.6217474922069146
915,0.568434591729846,0.431565408270154
916,0.6403010581201319,0.35969894187986806
917,0.15678141355639305,0.8432185864436069
918,0.5034272327484238,0.4965727672515762
919,0.8099092946481175,0.19009070535188255
920,0.22247696010068801,0.777523039899312
921,0.5064881018452466,0.4935118981547534
922,0.8019250814262255,0.19807491857377446
923,0.037655884906941384,0.9623441150930586
924,0.36394376299206854,0.6360562370079315
925,0.3569024354360846,0.6430975645639154
926,0.20484904129047826,0.7951509587095218
927,0.31387605842809263,0.6861239415719074
928,0.8915553792913061,0.10844462070869387
929,0.307427613878734,0.692572386121266
930,0.7039758699596607,0.29602413004033934
931,0.8841819288563924,0.11581807114360765
932,0.44013764381732945,0.5598623561826706
933,0.3059206349480538,0.6940793650519461
934,0.8235163726834916,0.17648362731650835
935,0.2723583866232088,0.7276416133767911
936,0.1830973276883665,0.8169026723116335
937,0.9170302773145012,0.08296972268549885
938,0.6956058490150482,0.3043941509849518
939,0.6498769437152108,0.35012305628478924
940,0.8309774828995333,0.16902251710046667
941,0.7489426676039027,0.2510573323960973
942,0.5847099063855381,0.4152900936144619
943,0.26010186646173783,0.7398981335382622
944,0.4623677904287254,0.5376322095712747
945,0.45042253344460637,0.5495774665553936
946,0.3774106240743843,0.6225893759256157
947,0.7420437805161164,0.2579562194838836
948,0.3613710585063243,0.6386289414936757
949,0.6306902861047029,0.3693097138952971
950,0.7352715134666609,0.26472848653333914
951,0.5654757071971801,0.4345242928028199
952,0.15950269474419845,0.8404973052558016
953,0.8912239121038579,0.10877608789614213
954,0.37159954736064893,0.6284004526393511
955,0.7646806311371551,0.23531936886284488
956,0.6210228112662094,0.3789771887337906
957,0.8451772747511181,0.15482272524888185
958,0.5639259524421335,0.4360740475578665
959,0.38603434439120216,0.6139656556087978
960,0.44459235040063727,0.5554076495993627
961,0.4340669481608643,0.5659330518391357
962,0.6633769299006891,0.3366230700993109
963,0.8336019922433834,0.16639800775661662
964,0.30382173631223003,0.69617826368777
965,0.3115254369526033,0.6884745630473967
966,0.8324748059635989,0.1675251940364011
967,0.6923569216041997,0.3076430783958003
968,0.19715819909981744,0.8028418009001825
969,0.6157055752328703,0.3842944247671297
970,0.1464022870120831,0.8535977129879169
971,0.9077966591627762,0.09220334083722381
972,0.3237791663908951,0.6762208336091049
973,0.5119120600244309,0.4880879399755691
974,0.27724985835338994,0.72275014164661
975,0.7241031791756535,0.2758968208243465
976,0.40962273083242934,0.5903772691675706
977,0.6511614136906135,0.34883858630938647
978,0.336998977763802,0.663001022236198
979,0.6558343475231118,0.34416565247688824
980,0.5008881041615774,0.49911189583842264
981,0.7598696533109955,0.24013034668900446
982,0.8111802339612015,0.18881976603879846
983,0.9445339118606259,0.05546608813937415
984,0.29233636661170537,0.7076636333882946
985,0.4925855328683426,0.5074144671316574
986,0.32728847133944877,0.6727115286605512
987,0.44195398918449014,0.5580460108155099
988,0.4451961209806237,0.5548038790193763
989,0.29047437693129863,0.7095256230687014
990,0.4635675448268283,0.5364324551731716
991,0.3835110997392724,0.6164889002607277
992,0.39088111910284146,0.6091188808971586
993,0.861563626843515,0.13843637315648505
994,0.42765154261755,0.57234845738245
995,0.842466235485363,0.15753376451463696
996,0.5067470219628653,0.49325297803713475
997,0.24165035390902967,0.7583496460909703
998,0.15123307176075418,0.8487669282392458
999,0.7636195461933715,0.23638045380662853
1000,0.3452500412168209,0.6547499587831791
1001,0.6791407372159818,0.3208592627840182
1002,0.3660714490161716,0.6339285509838284
1003,0.4800683243263837,0.5199316756736163
1004,0.5236723358594905,0.47632766414050953
1005,0.6343173518776948,0.3656826481223052
1006,0.577843849105993,0.42215615089400704
1007,0.7277373219403567,0.2722626780596433
1008,0.28897625432013613,0.7110237456798638
1009,0.3711938577773449,0.6288061422226551
1010,0.8589101669002982,0.1410898330997018
1011,0.53222767976331,0.46777232023669
1012,0.46468134264492883,0.5353186573550712
1013,0.49589095207688216,0.5041090479231178
1014,0.7399828167433586,0.26001718325664136
1015,0.5776789899356043,0.4223210100643957
1016,0.23821051436640178,0.7617894856335983
1017,0.6741283124975347,0.3258716875024653
1018,0.3336545709682717,0.6663454290317283
1019,0.3235490304442936,0.6764509695557064
1020,0.4868000543109886,0.5131999456890114
1021,0.8029993079467922,0.1970006920532078
1022,0.35858024605370353,0.6414197539462965
1023,0.803648806422913,0.19635119357708697
1024,0.7780303538175429,0.22196964618245707
1025,0.5404311023614642,0.4595688976385358
1026,0.8730756614345605,0.1269243385654395
1027,0.7838770925657196,0.21612290743428042
1028,0.5550513761816739,0.4449486238183261
1029,0.5742187450023681,0.42578125499763186
1030,0.6039983621658396,0.3960016378341604
1031,0.7757629363754469,0.2242370636245531
1032,0.6741638890558795,0.32583611094412046
1033,0.8311889256896293,0.16881107431037068
1034,0.8395948178483256,0.16040518215167443
1035,0.5825310276929562,0.41746897230704383
1036,0.4807985293081267,0.5192014706918733
1037,0.41267698325479873,0.5873230167452013
1038,0.21114273444581666,0.7888572655541833
1039,0.2580999286446892,0.7419000713553108
1040,0.8352377125785108,0.16476228742148924
1041,0.9140293588374119,0.08597064116258812
1042,0.4339253053868466,0.5660746946131534
1043,0.7041227631772756,0.2958772368227244
1044,0.18266622156508525,0.8173337784349147
1045,0.5312123059369073,0.46878769406309273
1046,0.42946279551073274,0.5705372044892673
1047,0.806528693385088,0.19347130661491196
1048,0.5377600520800984,0.46223994791990164
1049,0.5682632804959371,0.4317367195040629
1050,0.4858485159715211,0.5141514840284789
1051,0.1970982117509276,0.8029017882490724
1052,0.8508279476517322,0.1491720523482678
1053,0.8164746781255154,0.18352532187448456
1054,0.8610390571932545,0.13896094280674554
1055,0.4725477505414558,0.5274522494585442
1056,0.64510510525976,0.35489489474024005
1057,0.5953072880356043,0.4046927119643957
1058,0.6925769486329056,0.30742305136709436
1059,0.47568756720251376,0.5243124327974862
1060,0.45450898317788085,0.5454910168221192
1061,0.612190226351365,0.387809773648635
1062,0.20570869472166065,0.7942913052783394
1063,0.4399474168342766,0.5600525831657235
1064,0.905655061073231,0.09434493892676898
1065,0.8435186695052671,0.1564813304947329
1066,0.8693488124508938,0.1306511875491062
1067,0.8592291470917417,0.1407708529082583
1068,0.7040336476837473,0.2959663523162527
1069,0.6410083527053303,0.3589916472946697
1070,0.3713623467765666,0.6286376532234335
1071,0.5315866180233767,0.4684133819766233
1072,0.7049668298205364,0.2950331701794636
1073,0.16625911351221606,0.833740886487784
1074,0.8542656172533061,0.14573438274669392
1075,0.7865615233706922,0.21343847662930782
1076,0.28632325474200576,0.7136767452579942
1077,0.18041084895797577,0.8195891510420242
1078,0.79647587770935,0.20352412229064998
1079,0.326855420488588,0.6731445795114119
1080,0.5539388114814027,0.44606118851859733
1081,0.4675630268635311,0.5324369731364689
1082,0.40910956076669824,0.5908904392333018
1083,0.2588143044537807,0.7411856955462193
1084,0.6605810459160302,0.3394189540839698
1085,0.28248062948664276,0.7175193705133572
1086,0.4946819694855807,0.5053180305144194
1087,0.7376324225907558,0.2623675774092442
1088,0.7519997778038154,0.24800022219618456
1089,0.8445283729885423,0.15547162701145767
1090,0.2802385439374131,0.7197614560625869
1091,0.5385384200619188,0.46146157993808123
1092,0.863489671387838,0.13651032861216195
1093,0.5139813000237808,0.48601869997621916
1094,0.6310657766483033,0.3689342233516967
1095,0.6230212662923781,0.3769787337076219
1096,0.48260994077885866,0.5173900592211413
1097,0.701000317212749,0.298999682787251
1098,0.8420861970876731,0.15791380291232693
1099,0.2998066242341633,0.7001933757658367
1100,0.8915104841839406,0.10848951581605937
1101,0.5819711762707633,0.41802882372923666
1102,0.8000010438138994,0.19999895618610064
1103,0.5887588313596815,0.41124116864031846
1104,0.49962851158350663,0.5003714884164934
1105,0.7128611917014195,0.2871388082985805
1106,0.6015727231736292,0.3984272768263708
1107,0.6783844739383249,0.3216155260616751
1108,0.35515406817769696,0.644845931822303
1109,0.631111961193648,0.368888038806352
1110,0.715673935436846,0.284326064563154
1111,0.3156993967841206,0.6843006032158794
1112,0.5922683119622498,0.4077316880377502
1113,0.6885250923637884,0.31147490763621155
1114,0.9407865087198054,0.0592134912801946
1115,0.5666487956999134,0.43335120430008656
1116,0.7099325643197398,0.29006743568026017
1117,0.5435848305000344,0.45641516949996563
1118,0.7438349243854683,0.2561650756145317
1119,0.7598771591039735,0.24012284089602653
1120,0.44903190104263924,0.5509680989573608
1121,0.5313709182334011,0.4686290817665989
1122,0.7023262271224379,0.29767377287756214
1123,0.4317399118538346,0.5682600881461655
1124,0.6726546204326073,0.32734537956739274
1125,0.7218178488436191,0.2781821511563809
1126,0.5194775466128954,0.48052245338710464
1127,0.6560263647474398,0.3439736352525602
1128,0.6755354069234893,0.32446459307651065
1129,0.4895798353858156,0.5104201646141844
1130,0.5745539001360678,0.4254460998639322
1131,0.7257459901594998,0.2742540098405002
1132,0.7329145440278569,0.26708545597214306
1133,0.9040344996223476,0.09596550037765239
1134,0.12552819374681504,0.874471806253185
1135,0.6620755337572314,0.3379244662427686
1136,0.797966916352845,0.202033083647155
1137,0.6867040706063833,0.3132959293936167
1138,0.48931436490271774,0.5106856350972823
1139,0.34766384676716944,0.6523361532328306
1140,0.3255512483385884,0.6744487516614116
1141,0.42869204047526815,0.5713079595247319
1142,0.7770241028620353,0.22297589713796473
1143,0.26480863477480154,0.7351913652251985
1144,0.3995923311003637,0.6004076688996363
1145,0.15869394961564118,0.8413060503843588
1146,0.46281731183530544,0.5371826881646946
1147,0.9031260057470207,0.09687399425297927
1148,0.38637698626072087,0.6136230137392791
1149,0.6301984941218256,0.3698015058781744
1150,0.74496578191139,0.25503421808861004
1151,0.1501623381273892,0.8498376618726108
1152,0.8202553489149519,0.1797446510850481
1153,0.19972429451806287,0.8002757054819372
1154,0.08364509621667669,0.9163549037833233
1155,0.7496429486492429,0.25035705135075714
1156,0.4561135495984006,0.5438864504015994
1157,0.664560975956102,0.335439024043898
1158,0.6610009217556002,0.3389990782443998
1159,0.4016642784430562,0.5983357215569438
1160,0.4180279735418145,0.5819720264581856
1161,0.8095400990240904,0.1904599009759096
1162,0.252864244771139,0.747135755228861
1163,0.5638303792702671,0.43616962072973287
1164,0.3807502986870523,0.6192497013129477
1165,0.6918136286784119,0.3081863713215881
1166,0.25459340021003163,0.7454065997899684
1167,0.2603683891770559,0.7396316108229442
1168,0.44156723192576236,0.5584327680742376
1169,0.5562261992220299,0.44377380077797013
1170,0.5041704099936057,0.49582959000639426
1171,0.9665255359284949,0.03347446407150512
1172,0.6419033017938016,0.3580966982061984
1173,0.2713219201297733,0.7286780798702267
1174,0.5451860506053017,0.4548139493946983
1175,0.8801852534546282,0.11981474654537183
1176,0.8080901314983594,0.1919098685016406
1177,0.39547234015485644,0.6045276598451436
1178,0.48107426955810006,0.5189257304418999
1179,0.19256596341900412,0.8074340365809959
1180,0.9690144148173544,0.030985585182645603
1181,0.26441992362615074,0.7355800763738493
1182,0.2477368150634932,0.7522631849365068
1183,0.22922960306492945,0.7707703969350705
1184,0.2395071495193446,0.7604928504806554
1185,0.9405846191102653,0.05941538088973475
1186,0.5937786512534217,0.40622134874657834
1187,0.5297588931375722,0.4702411068624278
1188,0.4966723884698324,0.5033276115301676
1189,0.9156099170130665,0.08439008298693351
1190,0.5071074130883528,0.49289258691164717
1191,0.24003013578545257,0.7599698642145474
1192,0.6255135791164476,0.37448642088355244
1193,0.7528227389346311,0.24717726106536886
1194,0.35927075249296914,0.6407292475070309
1195,0.5771570867971632,0.42284291320283685
1196,0.5541642637700043,0.4458357362299957
1197,0.5481595394755635,0.4518404605244365
1198,0.7369892710686958,0.26301072893130417
1199,0.37705506579666853,0.6229449342033315
1200,0.2773925968024663,0.7226074031975337
1201,0.8127830981824438,0.18721690181755624
1202,0.6817742710657776,0.3182257289342224
1203,0.602650894550475,0.39734910544952495
1204,0.3104961898219751,0.6895038101780249
1205,0.5451504331087876,0.45484956689121236
1206,0.7215809668141189,0.2784190331858811
1207,0.8709824181586382,0.1290175818413618
1208,0.40295501649919524,0.5970449835008047
1209,0.4740388073192176,0.5259611926807823
1210,0.6619075293280237,0.33809247067197634
1211,0.7117732120107805,0.2882267879892195
1212,0.4470239405511497,0.5529760594488503
1213,0.8114309902717842,0.18856900972821578
1214,0.4893935199305395,0.5106064800694605
1215,0.9956164917221885,0.004383508277811532
1216,0.2209559596382771,0.7790440403617229
1217,0.9247313028662043,0.07526869713379569
1218,0.7663689120196507,0.23363108798034926
1219,0.5346255174977445,0.46537448250225555
1220,0.3668217331178392,0.6331782668821608
1221,0.28237685046623284,0.7176231495337672
1222,0.6033041585985625,0.39669584140143754
1223,0.6848628210569427,0.31513717894305726
1224,0.6584806841120957,0.3415193158879043
1225,0.34670983752517903,0.653290162474821
1226,0.5890208200775408,0.41097917992245925
1227,0.7255834497196272,0.2744165502803728
1228,0.7745921664986348,0.22540783350136517
1229,0.2260869247915522,0.7739130752084478
1230,0.3283044047278684,0.6716955952721315
1231,0.8187616061643443,0.18123839383565565
1232,0.3775989479010295,0.6224010520989705
1233,0.15942185229722688,0.8405781477027732
1234,0.2101146823569695,0.7898853176430305
1235,0.25382645803191095,0.746173541968089
1236,0.3216716073227458,0.6783283926772542
1237,0.5816002650184624,0.4183997349815376
1238,0.1354587766182065,0.8645412233817935
1239,0.39539543068841465,0.6046045693115853
1240,0.4078767430281474,0.5921232569718526
1241,0.7119044032544548,0.2880955967455452
1242,0.7036691519630712,0.2963308480369288
1243,0.7528802378110023,0.24711976218899767
1244,0.8165110652135792,0.1834889347864208
1245,0.2534868700174392,0.7465131299825608
1246,0.5299462187848388,0.47005378121516117
1247,0.42311365418663116,0.5768863458133688
1248,0.778898187807785,0.22110181219221503
1249,0.39423071354115785,0.6057692864588422
1250,0.6334411789209539,0.36655882107904614
1251,0.2842505675128346,0.7157494324871654
1252,0.42895656616895084,0.5710434338310492
1253,0.43438679594954577,0.5656132040504542
1254,0.42148744243292785,0.5785125575670722
1255,0.4869027746315925,0.5130972253684075
1256,0.8261841848731318,0.17381581512686817
1257,0.24166381694778416,0.7583361830522158
1258,0.8065310969878894,0.19346890301211062
1259,0.2412073582424426,0.7587926417575575
1260,0.4122070069708759,0.5877929930291241
1261,0.40062662578223995,0.59937337421776
1262,0.39163426886554237,0.6083657311344577
1263,0.5655104959595842,0.43448950404041575
1264,0.41027878977983073,0.5897212102201692
1265,0.31910371637570817,0.6808962836242918
1266,0.21621961155665956,0.7837803884433404
1267,0.18455111175290909,0.8154488882470909
1268,0.6601394261197179,0.3398605738802821
1269,0.7650716152503414,0.2349283847496586
1270,0.6466122699278491,0.35338773007215085
1271,0.509919578981798,0.49008042101820204
1272,0.5130151247059562,0.4869848752940438
1273,0.5454186891404891,0.4545813108595109
1274,0.347290688595765,0.652709311404235
1275,0.47166420282007815,0.5283357971799219
1276,0.3054730539373302,0.6945269460626697
1277,0.47604651411232807,0.523953485887672
1278,0.6356815509760714,0.3643184490239286
1279,0.29658718558681724,0.7034128144131828
1280,0.3644104865024237,0.6355895134975763
1281,0.8908553746393018,0.10914462536069824
1282,0.596229091047143,0.40377090895285705
1283,0.8344875978447531,0.16551240215524687
1284,0.6268066412619304,0.3731933587380696
1285,0.37449915549728874,0.6255008445027113
1286,0.31346851076237586,0.6865314892376242
1287,0.6128282172768981,0.38717178272310193
1288,0.48549330299286575,0.5145066970071343
1289,0.46154309124951004,0.53845690875049
1290,0.8560212021062762,0.1439787978937238
1291,0.47840351150256605,0.521596488497434
1292,0.7177085076459878,0.2822914923540122
1293,0.1890894725908696,0.8109105274091304
1294,0.43670744947752355,0.5632925505224764
1295,0.4087864608411816,0.5912135391588185
1296,0.29743182683790637,0.7025681731620936
1297,0.4195070438227427,0.5804929561772574
1298,0.7448279077439103,0.2551720922560897
1299,0.9418916437003079,0.05810835629969213
1300,0.29301378045377613,0.7069862195462239
1301,0.4469482908157109,0.553051709184289
1302,0.8961275782730935,0.10387242172690647
1303,0.2319421614101219,0.7680578385898781
1304,0.6477157679305692,0.3522842320694308
1305,0.262571628647085,0.7374283713529151
1306,0.4785571884575451,0.521442811542455
1307,0.34342513965410504,0.656574860345895
1308,0.2909043070973628,0.7090956929026372
1309,0.4534052476994899,0.5465947523005101
1310,0.8229120776756629,0.17708792232433712
1311,0.7264402589149238,0.2735597410850762
1312,0.7062662062527365,0.2937337937472635
1313,0.2123087220230413,0.7876912779769587
1314,0.7343146433185285,0.26568535668147153
1315,0.6549417607228819,0.3450582392771181
1316,0.8778912724655351,0.12210872753446489
1317,0.8032204619937123,0.19677953800628767
1318,0.7192743602867413,0.2807256397132587
1319,0.2847110662992869,0.7152889337007131
1320,0.7926930322641462,0.20730696773585378
1321,0.8933984863259012,0.10660151367409876
1322,0.5758115235974759,0.4241884764025241
1323,0.638002432712137,0.36199756728786303
1324,0.23389836168523137,0.7661016383147686
1325,0.26434183451760446,0.7356581654823955
1326,0.4271897770470453,0.5728102229529547
1327,0.15471297778468135,0.8452870222153186
1328,0.591388854378014,0.40861114562198597
1329,0.6081088391583833,0.3918911608416167
1330,0.22679389805990183,0.7732061019400982
1331,0.6497116911118603,0.35028830888813967
1332,0.5445394806622649,0.4554605193377351
1333,0.1566517919655444,0.8433482080344556
1334,0.7308317177087114,0.26916828229128864
1335,0.8320579886618389,0.1679420113381611
1336,0.865512474242965,0.13448752575703504
1337,0.2580700781539944,0.7419299218460056
1338,0.6295093098049632,0.3704906901950368
1339,0.3458074615690884,0.6541925384309115
1340,0.6685959799128427,0.3314040200871573
1341,0.8446032775741433,0.15539672242585667
1342,0.5235789818692237,0.4764210181307763
1343,0.15582525595657817,0.8441747440434219
1344,0.7802508640586978,0.2197491359413022
1345,0.7084812937788331,0.29151870622116693
1346,0.4544167843996571,0.5455832156003428
1347,0.3066827919869331,0.693317208013067
1348,0.5368647195196357,0.46313528048036434
1349,0.3558589262799257,0.6441410737200743
1350,0.3881522306231927,0.6118477693768073
1351,0.11027030637377105,0.8897296936262289
1352,0.7531753151124897,0.2468246848875103
1353,0.18580317307115599,0.814196826928844
1354,0.4398761846420048,0.5601238153579953
1355,0.6701630176652633,0.3298369823347367
1356,0.7342695303740462,0.2657304696259538
1357,0.8783477332483995,0.12165226675160046
1358,0.4134055113916469,0.5865944886083532
1359,0.4922699107153842,0.5077300892846158
1360,0.5730988997659975,0.4269011002340025
1361,0.2787482553898092,0.7212517446101908
1362,0.4976448339200679,0.5023551660799321
1363,0.7491826117957747,0.2508173882042253
1364,0.28861744998955613,0.7113825500104438
1365,0.28245098793083884,0.7175490120691612
1366,0.5700464274752873,0.42995357252471267
1367,0.7440502522061417,0.25594974779385826
1368,0.4811441386237696,0.5188558613762304
1369,0.24892799492777187,0.7510720050722282
1370,0.46366021705388716,0.5363397829461128
1371,0.2977966267711616,0.7022033732288384
1372,0.4498156507958226,0.5501843492041774
1373,0.46550768044890417,0.5344923195510958
1374,0.6146600055040015,0.38533999449599854
1375,0.2833462843740312,0.7166537156259688
1376,0.7049107301184965,0.2950892698815035
1377,0.4435145192856839,0.556485480714316
1378,0.42142744493861106,0.5785725550613889
1379,0.8817450535156097,0.11825494648439028
1380,0.7752773715394538,0.22472262846054625
1381,0.29478096899300416,0.7052190310069959
1382,0.653150691270763,0.346849308729237
1383,0.7331971596817014,0.2668028403182986
1384,0.6901098918559521,0.30989010814404794
1385,0.664845600427238,0.33515439957276205
1386,0.25468800530255964,0.7453119946974404
1387,0.5528714734968214,0.4471285265031786
1388,0.41505272871438165,0.5849472712856183
1389,0.6557419967285035,0.34425800327149647
1390,0.6458789301562401,0.3541210698437599
1391,0.5566892246461879,0.44331077535381214
1392,0.5095658726004002,0.4904341273995998
1393,0.20108287858687207,0.7989171214131279
1394,0.6514334482911497,0.3485665517088503
1395,0.6081552470458926,0.39184475295410737
1396,0.37070056148245994,0.6292994385175401
1397,0.2857679016781827,0.7142320983218173
1398,0.5967275031609257,0.4032724968390743
1399,0.1697313562546454,0.8302686437453546
1400,0.3739233762122304,0.6260766237877696
1401,0.6504660838823741,0.34953391611762585
1402,0.6969861176664195,0.3030138823335805
1403,0.4173099193363705,0.5826900806636295
1404,0.6635739161805837,0.3364260838194163
1405,0.4593072194260911,0.5406927805739089
1406,0.40941434418328493,0.5905856558167151
1407,0.625731324029353,0.37426867597064695
1408,0.6783398703175108,0.32166012968248925
1409,0.7104222225781731,0.2895777774218269
1410,0.2607546033060127,0.7392453966939874
1411,0.2266357808434571,0.7733642191565429
1412,0.727240010244395,0.272759989755605
1413,0.5627325853344805,0.43726741466551955
1414,0.4906014863638534,0.5093985136361465
1415,0.7960766186211927,0.20392338137880728
1416,0.5408699115692897,0.45913008843071035
1417,0.622647309543274,0.37735269045672604
1418,0.5186614012996799,0.48133859870032014
1419,0.5892605743988959,0.4107394256011041
1420,0.5002978040304845,0.4997021959695155
1421,0.5082977780776352,0.4917022219223648
1422,0.33617667289733744,0.6638233271026626
1423,0.1047016782725759,0.8952983217274241
1424,0.9350172790311122,0.0649827209688878
1425,0.47101432250821085,0.5289856774917892
1426,0.901844029581334,0.09815597041866597
1427,0.59013354230878,0.40986645769122
1428,0.2662037900271878,0.7337962099728121
1429,0.24961300213368257,0.7503869978663175
1430,0.3497150402317654,0.6502849597682345
1431,0.5902676177654917,0.40973238223450825
1432,0.8068302999564887,0.1931697000435113
1433,0.43889928403414136,0.5611007159658586
1434,0.42266896431929335,0.5773310356807067
1435,0.11203011770776,0.8879698822922399
1436,0.4268274542576782,0.5731725457423218
1437,0.8803474513809055,0.11965254861909447
1438,0.35386253714987626,0.6461374628501237
1439,0.7320711246660028,0.26792887533399723
1440,0.38928881011319544,0.6107111898868045
1441,0.43654773103719297,0.563452268962807
1442,0.7732229124655563,0.2267770875344437
1443,0.18881281119759208,0.8111871888024079
1444,0.6096637824340533,0.3903362175659467
1445,0.8753577261693781,0.12464227383062187
1446,0.7897527603841515,0.21024723961584846
1447,0.30678656561863515,0.6932134343813648
1448,0.862285438215286,0.13771456178471397
1449,0.20343216864242714,0.7965678313575728
1450,0.8690474116840482,0.1309525883159518
1451,0.3733635887120162,0.6266364112879839
1452,0.4513770117816017,0.5486229882183983
1453,0.5338582687364302,0.46614173126356984
1454,0.5167957194126459,0.4832042805873541
1455,0.6020180546905508,0.3979819453094492
1456,0.5649737490476031,0.4350262509523969
1457,0.420191141581671,0.579808858418329
1458,0.3569305008160473,0.6430694991839527
1459,0.41577858936582174,0.5842214106341783
1460,0.13085291887983402,0.869147081120166
1461,0.8822738433197334,0.11772615668026665
1462,0.3930317334223829,0.606968266577617
1463,0.12989328326066332,0.8701067167393367
1464,0.5980202174972482,0.4019797825027518
1465,0.3376676917293005,0.6623323082706996
1466,0.8016231807264067,0.1983768192735933
1467,0.3956079568828953,0.6043920431171047
1468,0.4133245088786302,0.5866754911213699
1469,0.3225857243823767,0.6774142756176234
1470,0.37923893965188404,0.620761060348116
1471,0.34573730810068376,0.6542626918993162
1472,0.5576093249516242,0.4423906750483758
1473,0.4324313523860293,0.5675686476139707
1474,0.8683004732988259,0.13169952670117413
1475,0.4877709622500584,0.5122290377499417
1476,0.28769049627968296,0.7123095037203171
1477,0.3530947598801335,0.6469052401198665
1478,0.38048366722814586,0.6195163327718541
1479,0.7629054465029016,0.2370945534970984
1480,0.4093889888152713,0.5906110111847287
1481,0.2375615793423712,0.7624384206576288
1482,0.21825303311625574,0.7817469668837442
1483,0.9480828637351156,0.05191713626488437
1484,0.5892056896964984,0.41079431030350155
1485,0.9208873106232462,0.07911268937675375
1486,0.47589572663779095,0.524104273362209
1487,0.3220073116125797,0.6779926883874203
1488,0.6323214526207374,0.36767854737926264
1489,0.22166875313025414,0.7783312468697459
1490,0.3286644126532041,0.6713355873467959
1491,0.6447289603744788,0.3552710396255212
1492,0.181022701004494,0.818977298995506
1493,0.31622034514782027,0.6837796548521797
1494,0.5674356778258285,0.4325643221741715
1495,0.45734705792960595,0.542652942070394
1496,0.8146035314865686,0.1853964685134314
1497,0.4733447545134331,0.526655245486567
1498,0.6657444369792733,0.3342555630207267
1499,0.18243219246736378,0.8175678075326362
1500,0.35139326448613434,0.6486067355138656
1501,0.26027035371524015,0.7397296462847598
1502,0.3005119816688657,0.6994880183311343
1503,0.2093606616476344,0.7906393383523656
1504,0.5797305184304489,0.42026948156955113
1505,0.82258222698705,0.17741777301295003
1506,0.13771026234661232,0.8622897376533877
1507,0.2948478595147633,0.7051521404852368
1508,0.7905406023842019,0.20945939761579813
1509,0.197139278475411,0.802860721524589
1510,0.2311599940463637,0.7688400059536363
1511,0.5318414588272935,0.4681585411727065
1512,0.3537221506743918,0.6462778493256083
1513,0.5648393960425089,0.4351606039574911
1514,0.6320329961654946,0.3679670038345054
1515,0.3329654531155137,0.6670345468844863
1516,0.5435181256892925,0.4564818743107075
1517,0.19436335839817712,0.8056366416018229
1518,0.2995222512534086,0.7004777487465914
1519,0.8109250898363239,0.18907491016367606
1520,0.8948356064850667,0.10516439351493334
1521,0.368272148285234,0.631727851714766
1522,0.4292482136476641,0.5707517863523359
1523,0.390825590322078,0.609174409677922
1524,0.5979410810287532,0.4020589189712468
1525,0.9454807540813261,0.05451924591867385
1526,0.10201373591995463,0.8979862640800453
1527,0.466860289569681,0.533139710430319
1528,0.5531785365736636,0.44682146342633644
1529,0.37817282861021956,0.6218271713897805
1530,0.8173634355247921,0.18263656447520793
1531,0.6263720511937977,0.3736279488062023
1532,0.3249423115979763,0.6750576884020236
1533,0.3138386927619231,0.6861613072380769
1534,0.5164302453695939,0.4835697546304061
1535,0.7989259438137765,0.20107405618622354
1536,0.4290344340138467,0.5709655659861532
1537,0.3456881713577157,0.6543118286422843
1538,0.4404944417683787,0.5595055582316213
1539,0.2329810069489685,0.7670189930510315
1540,0.33939390979051326,0.6606060902094868
1541,0.19469524762847967,0.8053047523715203
1542,0.3857263480272793,0.6142736519727208
1543,0.699310166203347,0.30068983379665304
1544,0.44117363156765377,0.5588263684323462
1545,0.533548789492311,0.466451210507689
1546,0.5565934567563391,0.4434065432436609
1547,0.6667554618271815,0.3332445381728185
1548,0.8346165283550153,0.16538347164498468
1549,0.39442201477419686,0.6055779852258032
1550,0.4985506414262134,0.5014493585737866
1551,0.5314165353224829,0.4685834646775171
1552,0.5910413940261839,0.40895860597381606
1553,0.7399185551777796,0.2600814448222204
1554,0.2765718992314958,0.7234281007685042
1555,0.32311799075714276,0.6768820092428572
1556,0.17647559832758536,0.8235244016724146
1557,0.3793962283839717,0.6206037716160283
1558,0.3270607554871507,0.6729392445128493
1559,0.7921058322372747,0.2078941677627253
1560,0.8213805456864541,0.17861945431354587
1561,0.31394574073947695,0.686054259260523
1562,0.7243380180444661,0.27566198195553393
1563,0.8468975416019687,0.15310245839803127
1564,0.7623129572461586,0.23768704275384145
1565,0.23298273728362381,0.7670172627163762
1566,0.8886436327203724,0.11135636727962761
1567,0.4912211149779498,0.5087788850220503
1568,0.19022471253107356,0.8097752874689265
1569,0.6731104715189171,0.3268895284810829
1570,0.7942456927252295,0.2057543072747705
1571,0.8756196038308958,0.12438039616910423
1572,0.6818115794354096,0.3181884205645904
1573,0.19832400923032956,0.8016759907696704
1574,0.14997301801505247,0.8500269819849475
1575,0.6517504065932557,0.34824959340674433
1576,0.2771107764333046,0.7228892235666954
1577,0.9332286220969259,0.06677137790307408
1578,0.2630378578459121,0.736962142154088
1579,0.8009657483942393,0.19903425160576071
1580,0.7002957074575658,0.29970429254243425
1581,0.707152387299378,0.292847612700622
1582,0.37938367575293913,0.6206163242470608
1583,0.8249965743410681,0.1750034256589319
1584,0.3405600620014885,0.6594399379985115
1585,0.4252421370546466,0.5747578629453534
1586,0.2508013931862571,0.7491986068137428
1587,0.42220348661623575,0.5777965133837643
1588,0.43054240681606015,0.5694575931839398
1589,0.6296224139659862,0.37037758603401383
1590,0.7004851543752525,0.2995148456247475
1591,0.2608848346755782,0.7391151653244218
1592,0.3638868040658649,0.6361131959341351
1593,0.5551316211187919,0.4448683788812081
1594,0.83607083324382,0.16392916675617997
1595,0.3804103434575273,0.6195896565424728
1596,0.2655778390042931,0.7344221609957069
1597,0.49001371969515717,0.5099862803048428
1598,0.11686594058278459,0.8831340594172155
1599,0.40371811363174365,0.5962818863682564
1600,0.06622573876352356,0.9337742612364764
1601,0.6601098095420072,0.33989019045799285
1602,0.314617931352001,0.685382068647999
1603,0.7450273645618842,0.25497263543811577
1604,0.6262813326267047,0.3737186673732953
1605,0.338417181991029,0.661582818008971
1606,0.8669201178345964,0.13307988216540356
1607,0.37435912569410973,0.6256408743058903
1608,0.33424020635123025,0.6657597936487698
1609,0.20101546016168167,0.7989845398383183
1610,0.6874860621655572,0.3125139378344428
1611,0.34886374838021944,0.6511362516197805
1612,0.7765741148231967,0.22342588517680328
1613,0.8321747219265094,0.16782527807349057
1614,0.6222290208149824,0.37777097918501756
1615,0.595766853576544,0.404233146423456
1616,0.8944389283686586,0.10556107163134143
1617,0.45235406024332775,0.5476459397566722
1618,0.48189163474396773,0.5181083652560323
1619,0.7884266450329125,0.2115733549670875
1620,0.14169689484452958,0.8583031051554704
1621,0.4670283520187159,0.532971647981284
1622,0.48986195723352105,0.510138042766479
1623,0.07076615645052944,0.9292338435494706
1624,0.7579980577119689,0.24200194228803107
1625,0.7194917489502561,0.28050825104974386
1626,0.8759104433995342,0.12408955660046583
1627,0.5540085068763564,0.4459914931236436
1628,0.35057750940007637,0.6494224905999236
1629,0.887336788351702,0.11266321164829796
1630,0.7823678530317156,0.21763214696828437
1631,0.4465818771448389,0.5534181228551611
1632,0.10835892278458355,0.8916410772154164
1633,0.6974385914126809,0.30256140858731906
1634,0.8966169333726594,0.10338306662734065
1635,0.600911309568435,0.39908869043156503
1636,0.8304111468063149,0.1695888531936851
1637,0.8516181985507683,0.14838180144923174
1638,0.6829064392336958,0.31709356076630424
1639,0.674273799156834,0.32572620084316595
1640,0.5798618713981913,0.42013812860180866
1641,0.9631545478044597,0.03684545219554025
1642,0.48423460092337095,0.5157653990766291
1643,0.43703380115649065,0.5629661988435093
1644,0.431931983618342,0.568068016381658
1645,0.777661226422402,0.22233877357759801
1646,0.6920816595140631,0.3079183404859369
1647,0.9099998946595783,0.09000010534042169
1648,0.7836402352688382,0.2163597647311618
1649,0.8925469508546576,0.10745304914534237
1650,0.19309938533296492,0.8069006146670351
1651,0.5086192780742801,0.4913807219257199
1652,0.29899222910905376,0.7010077708909462
1653,0.3341718905634762,0.6658281094365238
1654,0.678413618897114,0.32158638110288595
1655,0.6705656468192697,0.32943435318073033
1656,0.5628846635514969,0.4371153364485031
1657,0.12850659955323251,0.8714934004467675
1658,0.6727899320756872,0.32721006792431284
1659,0.4352789261528956,0.5647210738471045
1660,0.20153430874232356,0.7984656912576764
1661,0.2819398696945122,0.7180601303054879
1662,0.8401690076611265,0.15983099233887355
1663,0.7893795324559584,0.21062046754404162
1664,0.7562048467073849,0.24379515329261514
1665,0.5693446405815266,0.43065535941847344
1666,0.1559738076560987,0.8440261923439013
1667,0.3586028987726402,0.6413971012273598
1668,0.6436048956521391,0.3563951043478609
1669,0.28381871499100353,0.7161812850089965
1670,0.7268321536931867,0.27316784630681334
1671,0.4797127586573335,0.5202872413426665
1672,0.25224004261146177,0.7477599573885383
1673,0.5647836248499575,0.4352163751500425
1674,0.49768726053708395,0.5023127394629161
1675,0.7950868864875518,0.20491311351244823
1676,0.7447146271698023,0.2552853728301977
1677,0.719521645617389,0.28047835438261104
1678,0.49796331128922533,0.5020366887107747
1679,0.6183568862287016,0.38164311377129845
1680,0.3830598472968222,0.6169401527031778
1681,0.29731689516272564,0.7026831048372744
1682,0.431720993093776,0.568279006906224
1683,0.8080493438012011,0.19195065619879892
1684,0.15515735420651988,0.8448426457934801
1685,0.6607171206290935,0.3392828793709065
1686,0.5685101550519406,0.4314898449480594
1687,0.5700469266180678,0.4299530733819322
1688,0.8885222913476113,0.11147770865238871
1689,0.2075683648144263,0.7924316351855737
1690,0.9879158593628375,0.012084140637162455
1691,0.26284410882656584,0.7371558911734342
1692,0.6863155149380036,0.3136844850619964
1693,0.6682210859616683,0.3317789140383317
1694,0.4870771109536764,0.5129228890463235
1695,0.2636885735238261,0.7363114264761739
1696,0.2534194248523762,0.7465805751476238
1697,0.6473775348626246,0.3526224651373754
1698,0.6639838076296272,0.33601619237037283
1699,0.6061840252727028,0.39381597472729724
1700,0.6768274849213527,0.3231725150786473
1701,0.7014345587833134,0.2985654412166866
1702,0.6902813450377181,0.3097186549622819
1703,0.7670135496277195,0.2329864503722805
1704,0.32032157429609276,0.6796784257039072
1705,0.5703920204693805,0.42960797953061947
1706,0.5331247475984038,0.4668752524015962
1707,0.20253164204537025,0.7974683579546298
1708,0.3724614617777332,0.6275385382222668
1709,0.5590802242573667,0.4409197757426333
1710,0.3853921936700158,0.6146078063299842
1711,0.19354018976637047,0.8064598102336296
1712,0.5562573912079671,0.44374260879203287
1713,0.5310409683608005,0.4689590316391995
1714,0.5558182134805694,0.44418178651943063
1715,0.8756193767365608,0.12438062326343924
1716,0.41714498416309803,0.5828550158369019
1717,0.40794936867212755,0.5920506313278724
1718,0.36599545920743637,0.6340045407925636
1719,0.22436618262718097,0.775633817372819
1720,0.7923973852264504,0.20760261477354958
1721,0.42379426482277893,0.5762057351772211
1722,0.8252681305345356,0.17473186946546437
1723,0.7596386536493402,0.24036134635065975
1724,0.5096881008724338,0.49031189912756623
1725,0.2188632693998052,0.7811367306001948
1726,0.12421704518989049,0.8757829548101095
1727,0.41782434466884083,0.5821756553311592
1728,0.7707203160089267,0.22927968399107335
1729,0.8395113842917235,0.16048861570827655
1730,0.3648366681320014,0.6351633318679986
1731,0.513186702706434,0.48681329729356604
1732,0.7859238435440449,0.21407615645595512
1733,0.629494297147149,0.370505702852851
1734,0.6731051195202608,0.32689488047973925
1735,0.7424879560086904,0.25751204399130956
1736,0.7262206595751055,0.2737793404248945
1737,0.5534853349660417,0.4465146650339583
1738,0.4815348285299117,0.5184651714700883
1739,0.6959425434924484,0.30405745650755156
1740,0.5656929030613579,0.4343070969386421
1741,0.630235435108663,0.369764564891337
1742,0.7409446396235247,0.25905536037647525
1743,0.6644482956633637,0.3355517043366363
1744,0.7226686661843518,0.27733133381564823
1745,0.8312441549980654,0.16875584500193463
1746,0.5563774099892219,0.4436225900107781
1747,0.5998390926301117,0.4001609073698883
1748,0.3160500837803066,0.6839499162196934
1749,0.3421387472371074,0.6578612527628926
1750,0.48346429396201845,0.5165357060379816
1751,0.2686645475971196,0.7313354524028803
1752,0.2868431406051335,0.7131568593948665
1753,0.45161443604848317,0.5483855639515168
1754,0.22460783162335574,0.7753921683766443
1755,0.5111000695354093,0.4888999304645907
1756,0.613814556499414,0.38618544350058603
1757,0.847961998016338,0.15203800198366202
1758,0.30888414216943255,0.6911158578305674
1759,0.4751692288478881,0.5248307711521119
1760,0.8426710130913792,0.15732898690862085
1761,0.3582887849526948,0.6417112150473052
1762,0.6904038426707655,0.3095961573292345
1763,0.6758574459098027,0.3241425540901973
1764,0.44839527367283366,0.5516047263271664
1765,0.264760616186762,0.7352393838132381
1766,0.38983343225475797,0.610166567745242
1767,0.9193165105358406,0.08068348946415937
1768,0.7464820896545967,0.2535179103454033
1769,0.2505111957292381,0.7494888042707619
1770,0.5160087438580495,0.4839912561419505
1771,0.2253774978401559,0.7746225021598441
1772,0.5066411191553097,0.49335888084469026
1773,0.1969779409211818,0.8030220590788182
1774,0.40773941775359246,0.5922605822464075
1775,0.6975022838478608,0.30249771615213916
1776,0.6363642248413235,0.3636357751586765
1777,0.298364329597833,0.701635670402167
1778,0.2367111713152844,0.7632888286847156
1779,0.7183760564919582,0.28162394350804176
1780,0.14508236383559633,0.8549176361644036
1781,0.803366005617211,0.19663399438278895
1782,0.37533330393480324,0.6246666960651968
1783,0.751890328786975,0.24810967121302496
1784,0.30007034043889325,0.6999296595611068
1785,0.4815162186745865,0.5184837813254135
1786,0.3069074748713286,0.6930925251286715
1787,0.564674987008747,0.43532501299125304
1788,0.6295127445583472,0.37048725544165284
1789,0.38364293314104525,0.6163570668589547
1790,0.6744524664973252,0.32554753350267485
1791,0.1962816314661248,0.8037183685338752
1792,0.18131749065352545,0.8186825093464746
1793,0.2597686926261789,0.7402313073738211
1794,0.8317290773351106,0.1682709226648894
1795,0.5069653455041278,0.49303465449587225
1796,0.3117370669848421,0.688262933015158
1797,0.419001192566496,0.580998807433504
1798,0.3359223983734972,0.6640776016265029
1799,0.24467705473841928,0.7553229452615807
1800,0.42736680205812816,0.5726331979418718
1801,0.5048835854449023,0.4951164145550977
1802,0.7680207936885903,0.23197920631140967
1803,0.5103628355098638,0.48963716449013617
1804,0.2506648226413533,0.7493351773586467
1805,0.4680088627720987,0.5319911372279014
1806,0.41408729341351025,0.5859127065864898
1807,0.16924510626888345,0.8307548937311166
1808,0.3821740403123817,0.6178259596876183
1809,0.47468366442324483,0.5253163355767552
1810,0.3287172207571586,0.6712827792428414
1811,0.43768583101758113,0.5623141689824189
1812,0.8182374963465651,0.18176250365343494
1813,0.4415046287266927,0.5584953712733073
1814,0.3815382470587037,0.6184617529412963
1815,0.8512833390978181,0.14871666090218194
1816,0.18866247697891259,0.8113375230210874
1817,0.19733168211532073,0.8026683178846793
1818,0.2939261773417376,0.7060738226582624
1819,0.6228674245210547,0.3771325754789453
1820,0.6102693911720819,0.3897306088279181
1821,0.35194470060607197,0.648055299393928
1822,0.1766316314767781,0.8233683685232219
1823,0.5046950830472965,0.4953049169527035
1824,0.4831007491870247,0.5168992508129753
1825,0.5294870594387461,0.4705129405612539
1826,0.8101554269462341,0.1898445730537659
1827,0.793999151736166,0.20600084826383402
1828,0.24665316083751823,0.7533468391624818
1829,0.6654182531442,0.3345817468558
1830,0.8851390975790728,0.11486090242092717
1831,0.177871260773971,0.822128739226029
1832,0.4246269151870649,0.575373084812935
1833,0.47645572779922646,0.5235442722007735
1834,0.25600438623959504,0.7439956137604049
1835,0.5450899480234782,0.4549100519765218
1836,0.7692297384098573,0.2307702615901427
1837,0.5381346396065309,0.46186536039346915
1838,0.5553923896877264,0.4446076103122736
1839,0.5877393000649658,0.4122606999350342
1840,0.9658093203760264,0.0341906796239736
1841,0.39215748266604405,0.6078425173339559
1842,0.8187793062090934,0.18122069379090655
1843,0.8811773255282708,0.11882267447172923
1844,0.8315026752264777,0.1684973247735223
1845,0.15221992412624416,0.8477800758737558
1846,0.45519208288252316,0.5448079171174769
1847,0.18596088781418516,0.8140391121858148
1848,0.44659249421241637,0.5534075057875836
1849,0.6685348766998125,0.3314651233001875
1850,0.7546060116742932,0.2453939883257068
1851,0.5075913568475268,0.49240864315247324
1852,0.4787163863761398,0.5212836136238602
1853,0.1903535268923905,0.8096464731076095
1854,0.22588698054493722,0.7741130194550627
1855,0.5910654664279614,0.40893453357203857
1856,0.6106497552383825,0.3893502447616175
1857,0.6268286855465286,0.3731713144534714
1858,0.7375338930520857,0.2624661069479143
1859,0.7129133462285543,0.2870866537714457
1860,0.5552087485803177,0.44479125141968234
1861,0.6549348048348924,0.3450651951651076
1862,0.46670358484055585,0.5332964151594441
1863,0.19376028547867255,0.8062397145213275
1864,0.6806470358881394,0.31935296411186065
1865,0.22725749535190612,0.7727425046480939
1866,0.5961814234061913,0.4038185765938087
1867,0.5997324793926289,0.40026752060737114
1868,0.5328556366324484,0.4671443633675516
1869,0.7888576776037842,0.21114232239621578
1870,0.5135304679779837,0.48646953202201626
1871,0.3332246612504387,0.6667753387495613
1872,0.2537478491227226,0.7462521508772775
1873,0.6704135035402567,0.32958649645974325
1874,0.5517794191208589,0.4482205808791411
1875,0.24225557707463627,0.7577444229253637
1876,0.34519923777537254,0.6548007622246275
1877,0.2047536818316791,0.7952463181683209
1878,0.26219099775995436,0.7378090022400456
1879,0.3115937273071058,0.6884062726928942
1880,0.2168706419988636,0.7831293580011364
1881,0.1771101782790801,0.82288982172092
1882,0.12414136634755084,0.8758586336524492
1883,0.8064341189161468,0.1935658810838532
1884,0.23065550162597354,0.7693444983740265
1885,0.7717850867166512,0.22821491328334875
1886,0.8596663989313814,0.14033360106861859
1887,0.5625376107617287,0.4374623892382713
1888,0.52361687949658,0.47638312050342
1889,0.7143701993175402,0.2856298006824598
1890,0.7410376957483911,0.25896230425160893
1891,0.16470348372103252,0.8352965162789675
1892,0.4374401452035643,0.5625598547964357
1893,0.26408541369801397,0.735914586301986
1894,0.31512557796695695,0.684874422033043
1895,0.6137263444580826,0.3862736555419174
1896,0.14883834031092547,0.8511616596890745
1897,0.8627324015028625,0.13726759849713754
1898,0.5583310937490868,0.44166890625091315
1899,0.5677769900297716,0.43222300997022844
1900,0.46075745251658723,0.5392425474834128
1901,0.3660903156749164,0.6339096843250835
1902,0.49856808107449974,0.5014319189255003
1903,0.4502421054960335,0.5497578945039665
1904,0.1956415851853471,0.8043584148146529
1905,0.6803292539640344,0.31967074603596557
1906,0.23337089766734587,0.7666291023326541
1907,0.6474393212633925,0.35256067873660746
1908,0.6776132265091188,0.3223867734908812
1909,0.7837190939534662,0.21628090604653383
1910,0.2719259007242775,0.7280740992757224
1911,0.26137941331797904,0.738620586682021
1912,0.6999959043934956,0.30000409560650443
1913,0.8049165154974085,0.1950834845025915
1914,0.11890182593350102,0.8810981740664989
1915,0.03469061835559537,0.9653093816444046
1916,0.4477095002369662,0.5522904997630338
1917,0.42836578636317835,0.5716342136368217
1918,0.47528928194266434,0.5247107180573356
1919,0.9688512913177473,0.031148708682252724
1920,0.932315523114557,0.06768447688544299
1921,0.7474876837234266,0.25251231627657345
1922,0.6596973032482237,0.34030269675177627
1923,0.5375187723571136,0.46248122764288635
1924,0.4515119092852725,0.5484880907147275
1925,0.48141887994766086,0.5185811200523391
1926,0.4163110336463543,0.5836889663536458
1927,0.5509650813525914,0.44903491864740863
1928,0.35606462957004786,0.6439353704299522
1929,0.5453736755910245,0.45462632440897555
1930,0.8208517829317172,0.17914821706828277
1931,0.19867189771144259,0.8013281022885574
1932,0.264596786303136,0.735403213696864
1933,0.40030950741379606,0.5996904925862039
1934,0.609291566786265,0.39070843321373505
1935,0.3364415920063786,0.6635584079936214
1936,0.7222096815660664,0.27779031843393365
1937,0.1609721538529845,0.8390278461470155
1938,0.7701215022265248,0.22987849777347524
1939,0.09840562386367711,0.9015943761363229
1940,0.7251494355191559,0.2748505644808441
1941,0.6805129376495489,0.3194870623504511
1942,0.4198071439454994,0.5801928560545007
1943,0.3730950866138983,0.6269049133861018
1944,0.28089743786829074,0.7191025621317093
1945,0.678695212796923,0.321304787203077
1946,0.7397900691533098,0.2602099308466902
1947,0.646883886761575,0.35311611323842496
1948,0.35394195242490223,0.6460580475750978
1949,0.6498757162153468,0.3501242837846532
1950,0.6175265587396385,0.38247344126036154
1951,0.786288975091432,0.21371102490856797
1952,0.3775987863828672,0.6224012136171329
1953,0.22515279146631426,0.7748472085336857
1954,0.8784645821396275,0.12153541786037247
1955,0.7432899807359289,0.2567100192640711
1956,0.3837372816606533,0.6162627183393468
1957,0.41095658411659924,0.5890434158834008
1958,0.6533156965812177,0.3466843034187823
1959,0.3282493475317865,0.6717506524682135
1960,0.21211845323692527,0.7878815467630748
1961,0.5232341163350847,0.47676588366491535
1962,0.37093047040183946,0.6290695295981605
1963,0.41660439406644817,0.5833956059335519
1964,0.23411753509460284,0.7658824649053971
1965,0.766241158929205,0.23375884107079503
1966,0.6199982830298106,0.38000171697018936
1967,0.196502324219901,0.803497675780099
1968,0.1851852264835651,0.8148147735164348
1969,0.7429047524251162,0.2570952475748838
1970,0.6495102352095617,0.35048976479043825
1971,0.17417813009195857,0.8258218699080414
1972,0.3681838581852032,0.6318161418147967
1973,0.46066878008627976,0.5393312199137202
1974,0.6492971030059433,0.35070289699405666
1975,0.4783369307254971,0.5216630692745029
1976,0.744948042196887,0.25505195780311296
1977,0.3497693891724209,0.650230610827579
1978,0.9740032449408129,0.025996755059187082
1979,0.748089378738294,0.25191062126170605
1980,0.6905630126142926,0.30943698738570735
1981,0.6977109461038403,0.3022890538961597
1982,0.37530176856992625,0.6246982314300737
1983,0.16574271402388782,0.8342572859761122
1984,0.39881963912106594,0.6011803608789341
1985,0.4755153043054799,0.5244846956945202
1986,0.5230446136006175,0.4769553863993825
1987,0.3520789845641838,0.6479210154358161
1988,0.5315220361765585,0.46847796382344153
1989,0.27791007693531306,0.7220899230646869
1990,0.6008350720678226,0.3991649279321774
1991,0.3961537605569567,0.6038462394430433
1992,0.2572007486700606,0.7427992513299394
1993,0.3121238802555453,0.6878761197444547
1994,0.7266711192417636,0.27332888075823636
1995,0.0370789210791143,0.9629210789208857
1996,0.17404130335585152,0.8259586966441484
1997,0.3244259287298947,0.6755740712701053
1998,0.18529035802895946,0.8147096419710406
1999,0.2284180490313437,0.7715819509686563
2000,0.36364382414688823,0.6363561758531118
